{
  "id": "2897558",
  "name": "no name",
  "font_family": "iconfont",
  "css_prefix_text": "icon-",
  "description": "",
  "glyphs": [
    {
      "icon_id": "16853981",
      "name": "圆叉",
      "font_class": "yuancha",
      "unicode": "e686",
      "unicode_decimal": 59014
    },
    {
      "icon_id": "677569",
      "name": "放大镜",
      "font_class": "fangdajing",
      "unicode": "e617",
      "unicode_decimal": 58903
    },
    {
      "icon_id": "12184883",
      "name": "放大镜",
      "font_class": "fangdajing1",
      "unicode": "e687",
      "unicode_decimal": 59015
    },
    {
      "icon_id": "586803",
      "name": "close-l",
      "font_class": "closel",
      "unicode": "e6d5",
      "unicode_decimal": 59093
    },
    {
      "icon_id": "6229721",
      "name": "叉号",
      "font_class": "chahao",
      "unicode": "e663",
      "unicode_decimal": 58979
    },
    {
      "icon_id": "11641868",
      "name": "叉",
      "font_class": "cha",
      "unicode": "e61c",
      "unicode_decimal": 58908
    },
    {
      "icon_id": "1314429",
      "name": "眼睛",
      "font_class": "yanjing",
      "unicode": "e60d",
      "unicode_decimal": 58893
    },
    {
      "icon_id": "5388069",
      "name": "眼睛_显示_o",
      "font_class": "yanjing_xianshi_o",
      "unicode": "ebcc",
      "unicode_decimal": 60364
    },
    {
      "icon_id": "5388071",
      "name": "眼睛_隐藏_o",
      "font_class": "yanjing_yincang_o",
      "unicode": "ebcd",
      "unicode_decimal": 60365
    },
    {
      "icon_id": "7629051",
      "name": "皇冠",
      "font_class": "huangguan",
      "unicode": "e6b3",
      "unicode_decimal": 59059
    },
    {
      "icon_id": "11366425",
      "name": "目标 旗子",
      "font_class": "tubiao-",
      "unicode": "e605",
      "unicode_decimal": 58885
    },
    {
      "icon_id": "14719159",
      "name": "旗子 旗  旗帜  指标",
      "font_class": "qiziqiqizhizhibiao",
      "unicode": "e606",
      "unicode_decimal": 58886
    },
    {
      "icon_id": "1664368",
      "name": "下箭头",
      "font_class": "xiajiantou",
      "unicode": "e731",
      "unicode_decimal": 59185
    },
    {
      "icon_id": "1833857",
      "name": "上箭头",
      "font_class": "shangjiantou",
      "unicode": "e733",
      "unicode_decimal": 59187
    },
    {
      "icon_id": "5121521",
      "name": "下载",
      "font_class": "xiazai",
      "unicode": "e64b",
      "unicode_decimal": 58955
    },
    {
      "icon_id": "14046415",
      "name": "实心星星",
      "font_class": "shixinxingxing",
      "unicode": "e609",
      "unicode_decimal": 58889
    },
    {
      "icon_id": "9233005",
      "name": "我来回答",
      "font_class": "wolaihuida",
      "unicode": "e642",
      "unicode_decimal": 58946
    },
    {
      "icon_id": "10715456",
      "name": "星星",
      "font_class": "xingxing",
      "unicode": "e639",
      "unicode_decimal": 58937
    },
    {
      "icon_id": "1922729",
      "name": "大哭",
      "font_class": "daku",
      "unicode": "e61a",
      "unicode_decimal": 58906
    },
    {
      "icon_id": "2076247",
      "name": "附件",
      "font_class": "fujian",
      "unicode": "e88a",
      "unicode_decimal": 59530
    },
    {
      "icon_id": "3864410",
      "name": "笑脸",
      "font_class": "xiaolian",
      "unicode": "e636",
      "unicode_decimal": 58934
    },
    {
      "icon_id": "20368707",
      "name": "添加",
      "font_class": "tianjia",
      "unicode": "e696",
      "unicode_decimal": 59030
    },
    {
      "icon_id": "22258592",
      "name": "非常不满意",
      "font_class": "daochu1024-31",
      "unicode": "e618",
      "unicode_decimal": 58904
    },
    {
      "icon_id": "201561",
      "name": "3.1铃铛",
      "font_class": "lingdang",
      "unicode": "e600",
      "unicode_decimal": 58880
    },
    {
      "icon_id": "2815724",
      "name": "视频播放",
      "font_class": "shipinbofang",
      "unicode": "e601",
      "unicode_decimal": 58881
    },
    {
      "icon_id": "4562822",
      "name": "铃铛",
      "font_class": "lingdang1",
      "unicode": "e619",
      "unicode_decimal": 58905
    },
    {
      "icon_id": "5037719",
      "name": "右箭头",
      "font_class": "youjiantou",
      "unicode": "e629",
      "unicode_decimal": 58921
    },
    {
      "icon_id": "6337455",
      "name": "点赞",
      "font_class": "dianzan",
      "unicode": "ec7f",
      "unicode_decimal": 60543
    },
    {
      "icon_id": "11372687",
      "name": "评论",
      "font_class": "pinglun",
      "unicode": "e8b4",
      "unicode_decimal": 59572
    },
    {
      "icon_id": "11372711",
      "name": "图片",
      "font_class": "tupian",
      "unicode": "e8ba",
      "unicode_decimal": 59578
    },
    {
      "icon_id": "11729725",
      "name": "回复",
      "font_class": "huifu",
      "unicode": "e607",
      "unicode_decimal": 58887
    },
    {
      "icon_id": "17830628",
      "name": "左箭头",
      "font_class": "zuojiantou",
      "unicode": "e603",
      "unicode_decimal": 58883
    },
    {
      "icon_id": "21435108",
      "name": "右箭头",
      "font_class": "youjiantou1",
      "unicode": "e602",
      "unicode_decimal": 58882
    }
  ]
}
